<?xml version="1.0" encoding="UTF-8"?>
<!DOCTYPE suite SYSTEM "https://testng.org/testng-1.0.dtd">
<suite thread-count="1" verbose="1" name="QA Suite1">
  
   <test name="Facebook Portal assignment">
    <!-- Test specific parameter -->
  	<parameter name="launch_url" value="FB_URL" />
    <classes>
      <class name="com.testassignment1.FacebookTestWorkflow" />      
    </classes>
  </test> <!-- Test1 -->	
  <test name="Wallet Hub Portal assignment">
    <!-- Test specific parameter -->
  	<parameter name="launch_url" value="WHub_URL" />
    <classes>
      <class name="com.testassignment2.WalletHubPortalWorklfow" />     
    </classes>
  </test> <!-- Test2 -->
  
</suite> <!-- QASuite1 -->